{
  "airspace": {
    "min": [-3, -3, 0.0],
    "max": [ 3, 3, 5.0]
  },

  "gate_size": [0.40, 0.40],
  "marker_size": [0.197, 0.197],
  "roadsign_size": [0.20, 0.20],

  "markers": [
    {"id": 2, "pose": {"position": [-0.329, 2.54, 0.67],  "orientation": [90.0, -90.0, 90.0]}},
    {"id": 3, "pose": {"position": [1.425, 0.312, 0.22], "orientation": [-90.0, -90.0, 180.0]}}
  ],

  "gates": [
    
  ],

  "walls": [

    {"plane": {"start": [-1.92, -0.318, 0.0], "stop": [2.036, -0.318, 0.735]}},
    {"plane": {"start": [2.036, -0.318, 0.0], "stop": [2.036, 2.552, 0.735]}},
    {"plane": {"start": [2.036, 2.552, 0.0], "stop": [-1.92, 2.552, 0.735]}},
    {"plane": {"start": [-1.92, 2.552, 0.0], "stop": [-1.92, -0.318, 0.735]}},
    {"plane": {"start": [0.0,   0.0, 0.0], "stop": [0.971,   0.0, 2.0]}},
    {"plane": {"start": [0.0,  0.0, 0.0], "stop": [0.0,  -0.318, 2.0]}},
    {"plane": {"start": [0.971,  0.0, 0.0], "stop": [0.971,  -0.318, 2.0]}},
    {"plane": {"start": [1.436, -0.318, 0.0], "stop": [1.436, 0.882, 0.735]}},
    {"plane": {"start": [1.436, 0.882, 0.0], "stop": [2.036, 0.882, 0.735]}},
    {"plane": {"start": [0.036, 1.952, 0.0], "stop": [2.036, 1.952, 0.735]}},
    {"plane": {"start": [0.036, 1.952, 0.0], "stop": [0.036, 2.552, 0.735]}},
    {"plane": {"start": [-0.72, -0.318, 0.0], "stop": [-0.72, 1.682, 0.5]}},
    {"plane": {"start": [-0.72, 1.682, 0.0], "stop": [-1.92, 1.682, 0.5]}},
    {"plane": {"start": [0.47, 1.542, 0.0], "stop": [0.75, 1.542, 0.685]}},
    {"plane": {"start": [0.47, 1.542, 0.0], "stop": [0.47, 1.952, 0.685]}},
    {"plane": {"start": [0.75, 1.542, 0.0], "stop": [0.75, 1.952, 0.685]}}

  ],

  "roadsigns": [
    {"sign": "no_bicycle", "pose": {"position": [0.486, 0.0, 0.32],  "orientation": [0.0, -90.0, 0.0]}},
    {"sign": "stop", "pose": {"position": [1.425, 0.627, 0.22], "orientation": [-90.0, -90.0, 180.0]}},
    {"sign": "no_stopping_and_parking", "pose": {"position": [0.46, 1.747, 0.49], "orientation": [-90.0, -90.0, 180.0]}}
  ]

}

