{
  "airspace": {
    "min": [-5, -5, 0.0],
    "max": [ 5,  5, 2.5]
  },

  "gate_size": [0.40, 0.40],
  "marker_size": [0.175, 0.175],
  "roadsign_size": [0.185, 0.185],

  "markers": [
    {"id": 0, "pose": {"position": [1.44, 1.33, 0.60], "orientation": [90.0, -90.0, 0.0]}},
    {"id": 1, "pose": {"position": [0.84, 0.45, 0.60], "orientation": [90.0, -90.0, 0.0]}},
    {"id": 2, "pose": {"position": [0.41, 1.99, 0.60], "orientation": [90.0, -90.0, 90.0]}},
    {"id": 3, "pose": {"position": [3.24, -0.49, 0.60], "orientation": [90.0, -90.0, -90.0]}},
    {"id": 4, "pose": {"position": [2.26, 1.33, 0.60], "orientation": [90.0, -90.0, 180.0]}},
    {"id": 5, "pose": {"position": [4.19,  0.93, 0.60], "orientation": [90.0, -90.0, 0.0]}}
  ],

  "gates": [
    {"id": 0, "heading":   90.0, "position": [ -1.0, 1.8,  0.00]}
  ],

  "walls": [

    {"plane": {"start": [-1.8, -0.5, 0.0], "stop": [0.85, -0.5, 2.5]}},
    {"plane": {"start": [0.85, -0.5, 0.0], "stop": [0.85, 1.25, 2.5]}},
    {"plane": {"start": [0.85, 1.25, 0.0], "stop": [1.0, 1.25, 2.5]}},
    {"plane": {"start": [1.0, 1.0, 0.0], "stop": [1.0, 1.25, 2.5]}},
    {"plane": {"start": [1.0, 1.0, 0.0], "stop": [2.85, 1.0, 2.5]}},
    {"plane": {"start": [2.85, 1.0, 0.0], "stop": [2.85, -0.5, 2.5]}},
    {"plane": {"start": [2.85, -0.5, 0.0], "stop": [4.2, -0.5, 2.5]}},

    {"plane": {"start": [1.45, 1.0, 0.0], "stop": [1.45, 1.45, 1.0]}},
    {"plane": {"start": [1.45, 1.45, 0.0], "stop": [2.25, 1.45, 1.0]}},
    {"plane": {"start": [2.25, 1.45, 0.0], "stop": [2.25, 1.0, 1.0]}},

    {"plane": {"start": [-0.4, -0.5, 0.0], "stop": [-0.4, 1.5, 0.7]}},
    {"plane": {"start": [1.0, 2.0, 0.0], "stop": [1.0, 1.0, 0.7]}},

    {"plane": {"start": [-1.8, -0.5, 0.0], "stop": [-1.8, 1.5, 2.5]}},
    {"plane": {"start": [-1.8, 1.5, 0.0], "stop": [-0.4, 1.5, 2.5]}},
    {"plane": {"start": [-0.4, 1.5, 0.0], "stop": [-0.4, 2.0, 2.5]}},
    {"plane": {"start": [-0.4, 2.0, 0.0], "stop": [1.0, 2.0, 2.5]}},
    {"plane": {"start": [1.0, 2.0, 0.0], "stop": [1.0, 3.0, 2.5]}},
    {"plane": {"start": [1.0, 3.0, 0.0], "stop": [4.2, 3.0, 2.5]}},
    {"plane": {"start": [4.2, 3.0, 0.0], "stop": [4.2, -0.5, 2.5]}}

  ],

  "roadsigns": [
    {"sign": "no_bicycle",              "pose": {"position": [2.47, 1.01, 0.60], "orientation": [90.0, -90.0, -90.0]}},
    {"sign": "residential",             "pose": {"position": [3.56, -0.49, 0.60], "orientation": [90.0, -90.0, -90.0]}},
    {"sign": "road_narrows_from_left",  "pose": {"position": [-1.79,  0.23, 0.51], "orientation": [90.0, -90.0, 180.0]}},
    {"sign": "roundabout_warning",      "pose": {"position": [0.84, 0.87, 0.60], "orientation": [90.0, -90.0, 0.0]}}
  ]

}