{
  "airspace": {
    "min": [-4, -4, 0.0],
    "max": [ 4,  4, 2.5]
  },

  "gate_size": [0.40, 0.40],
  "marker_size": [0.175, 0.175],
  "roadsign_size": [0.185, 0.185],

  "markers": [
    {"id": 1, "pose": {"position": [1.35, 1.34, 0.38], "orientation": [90.0, -90.0, 0.0]}},
    {"id": 2, "pose": {"position": [-0.79, 1.5, 0.20], "orientation": [90.0, -90.0, 90.0]}},
    {"id": 3, "pose": {"position": [0.09, 2.07, 0.23], "orientation": [90.0, -90.0, 90.0]}},
    {"id": 6, "pose": {"position": [-0.86, -0.5, 0.35], "orientation": [-90.0, -90.0, 90.0]}},
    {"id": 4, "pose": {"position": [-0.41, 1.0, 0.42], "orientation": [90.0, -90.0, 180.0]}},
    {"id": 5, "pose": {"position": [-1.75,  0.07, 0.34], "orientation": [90.0, -90.0, 180.0]}}
  ],

  "gates": [
    {"id": 0, "heading":   90.0, "position": [ -2.0, 2.8,  0.00]}
  ],

  "walls": [

    {"plane": {"start": [-1.75, -0.5, 0.0],  "stop": [1.35, -0.5, 1.25]}},
    {"plane": {"start": [1.35, -0.5, 0.0],   "stop": [1.35, 2.07, 1.25]}},
    {"plane": {"start": [-1.75, -0.5, 0.0],  "stop": [-1.75, 1.5, 1.25]}},
    {"plane": {"start": [-1.75, 1.50, 0.0],  "stop": [-0.41, 1.5, 1.25]}},
    {"plane": {"start": [-0.41, 0.57, 0.0], "stop": [-0.41, 2.07, 0.69]}},
    {"plane": {"start": [-0.41, 1.50, 0.0], "stop": [-0.41, 2.07, 1.25]}},
    {"plane": {"start": [-0.41, 2.07, 0.0],  "stop": [1.35, 2.07, 1.25]}}

  ],

  "roadsigns": [
    {"sign": "dangerous_curve_left", "pose": {"position": [-1.37, 1.5, 0.14], "orientation": [90.0, -90.0, 90.0]}},
    {"sign": "junction",             "pose": {"position": [0.85, 2.07, 0.12], "orientation": [90.0, -90.0, 90.0]}},
    {"sign": "follow_left",  "pose": {"position": [-1.75,  0.93, 0.39], "orientation": [90.0, -90.0, 180.0]}},
    {"sign": "stop",  "pose": {"position": [-0.4,  0.9, 0.38], "orientation": [90.0, -90.0, 0.0]}},
    {"sign": "follow_right",      "pose": {"position": [1.35, 0.23, 0.2], "orientation": [90.0, -90.0, 0.0]}},
    {"sign": "roundabout_warning",      "pose": {"position": [0.46, -0.5, 0.42], "orientation": [-90.0, -90.0, 90.0]}},
    {"sign": "no_bicycle",  "pose": {"position": [-0.41,  1.64, 0.33], "orientation": [90.0, -90.0, 180.0]}}
  ]

}
